<?xml version="1.0" encoding="utf-8"?><tile><visual addImageQuery="true" baseUri="https://th.bing.com/"><binding template="TileMedium" branding="nameAndLogo" arguments="contentID=AA1Az4bm" hint-overlay="50"><image placement="peek" src="th?id=ORMS.b2b4c99773269c502e7cc814c23b18f7&amp;pid=Wdp?w=100&amp;h=100&amp;m=6&amp;tilesize=medium" /><text hint-wrap="true">Prince Frederik dies from rare genetic condition at age 22. See his dad's emotional message</text></binding><binding template="TileWide" branding="nameAndLogo" arguments="contentID=AA1Az4bm" hint-overlay="50"><image placement="peek" src="th?id=ORMS.b2b4c99773269c502e7cc814c23b18f7&amp;pid=Wdp?w=204&amp;h=100&amp;m=6&amp;tilesize=wide" /><text hint-style="body" hint-wrap="true">Prince Frederik dies from rare genetic condition at age 22. See his dad's emotional message</text></binding><binding template="TileLarge" branding="nameAndLogo" arguments="contentID=AA1Az4bm" hint-overlay="50"><image placement="peek" src="th?id=ORMS.b2b4c99773269c502e7cc814c23b18f7&amp;pid=Wdp?w=204&amp;h=204&amp;m=6&amp;tilesize=large" /><text hint-style="subtitle" hint-wrap="true">Prince Frederik dies from rare genetic condition at age 22. See his dad's emotional message</text></binding></visual></tile>